,ID,sensor_worn_s,mean_x,mean_y,mean_z,standard_deviation_x,standard_deviation_y,standard_deviation_z,skewness_x,skewness_y,skewness_z,kurtosis_x,kurtosis_y,kurtosis_z,range_x,range_y,range_z,interquartile_range_x,interquartile_range_y,interquartile_range_z,range_count_percentage_x,range_count_percentage_y,range_count_percentage_z,ratio_beyond_r_sigma_x,ratio_beyond_r_sigma_y,ratio_beyond_r_sigma_z,mean_cross_rate_x,mean_cross_rate_y,mean_cross_rate_z,autocorrelation_x,autocorrelation_y,autocorrelation_z,signal_entropy_x,signal_entropy_y,signal_entropy_z,jerk_metric_x,jerk_metric_y,jerk_metric_z,root_mean_square_x,root_mean_square_y,root_mean_square_z,detail_power_x,detail_power_y,detail_power_z,dominant_frequency_x,dominant_frequency_y,dominant_frequency_z,power_spectral_sum_x,power_spectral_sum_y,power_spectral_sum_z,power_range_sum_x,power_range_sum_y,power_range_sum_z,spectral_flatness_x,spectral_flatness_y,spectral_flatness_z,spectral_entropy_x,spectral_entropy_y,spectral_entropy_z,sparc_x,sparc_y,sparc_z,s2s_n,s2s_duration,s2s_max_accel,s2s_min_accel,s2s_SPARC,s2s_displacement,wb_all__count,total_walking_duration_h,wb_all__duration_s__avg,wb_all__duration_s__max,wb_all__duration_s__var,wb_all__cadence_spm__avg,wb_all__stride_duration_s__avg,wb_all__cadence_spm__var,wb_all__stride_duration_s__var,wb_10_30__count,wb_10_30__walking_speed_mps__avg,wb_10_30__stride_length_m__avg,wb_10__count,wb_10__walking_speed_mps__max,wb_30__count,wb_30__walking_speed_mps__avg,wb_30__stride_length_m__avg,wb_30__cadence_spm__avg,wb_30__stride_duration_s__avg,wb_30__walking_speed_mps__max,wb_30__cadence_spm__max,wb_30__walking_speed_mps__var,wb_30__stride_length_m__var,wb_60__count
0,11005,104192.0,0.23756992918853384,-0.16507769697128408,0.9701043269089458,0.1764092836550314,0.07096003849915335,0.16240884598171595,2.9269269111337177,0.678077539077368,-5.177926702527558,10.816064031668594,0.5123278019714901,26.047370275690675,3.78173828125,2.0205078125,3.09814453125,0.130126953125,0.12109375,0.0244140625,0.9706915118243243,0.9999999040233415,0.5023389511670762,0.050260096744471745,0.03038237100737101,0.03258215601965602,0.0036214872542997545,0.0008043803746928746,0.008532132985257986,0.9998803378097995,0.9996582483240182,0.9998716105126536,-0.8578187721469317,0.9193782850398633,0.1963467391134488,1.7828152900513878,4.661098991114486,1.7248248742119752,0.17640928365499978,0.07096003849914499,0.16240884598164554,4.939046410786302,0.22673383818640963,0.3884832347919142,0.0,0.0,0.0,0.9999960567594189,0.9999438604262378,1.0000280895509805,33673651996664.133,12765883015621.012,389321640863980.1,-33.373777491164965,-32.743918251163976,-34.19856313043893,0.22173078054045545,0.17158458530417323,0.1487067113769735,-2.4081119418151196,-2.255679777096121,-2.6010995870738034,1,,,,,,2,0.004,7.2,9.360000000000001,0.5303300858899107,78.44464341412316,0.9319230769230769,0.235113242125388,0.0484439643734902,,,,0,,0,,,,,,,,,0
1,11007,297293.0,0.24060906135608431,-0.05071473071507423,0.9243624214441593,0.2315645188241797,0.2994050221649578,0.18960764572144792,1.48630541307775,-0.9778168754473199,-2.3379560677772138,1.899898382885711,1.213703685681823,6.337834197559991,8.20263671875,9.873291015625,8.788330078125,0.24560546875,0.248779296875,0.1171875,0.9980357425166418,0.9989121170024184,0.42676215047108407,0.07197979770798506,0.10009435136380608,0.051163801367674316,0.0010123682696868072,0.004132959740054424,0.0014249242329957316,0.999768292211523,0.9998673201803095,0.9997355810681428,0.5235673460892811,0.6744812673917768,-0.9204126909019354,3.2371894769384157,1.943044267922273,1.9283883743007904,0.2315645188249208,0.2994050221687729,0.18960764572427327,0.23316834090523034,0.26498214535635933,3.3690201006844083,0.0,1.7136335372924805e-05,0.0,0.9999601245425878,0.9998587804380771,1.0000472904318891,248032666822906.6,185079649051476.6,2153996133347512.5,-30.137484498750766,-29.444080738684487,-31.05930778996846,0.25825042927919345,0.35881069898177415,0.12816037103490352,-5.6668317495992175,-29.754137891048163,-2.589194944901792,13.0,3.5316153856424184,10.482521572547276,8.9980445538809,-2.4137001197570465,0.5948466803063905,6,0.010352777777777778,6.115,7.390000000000001,0.18963854362329077,78.41466089600173,1.136029761904762,0.13495995409309666,0.24719858644479062,,,,0,,0,,,,,,,,,0
2,11014,368141.0,0.035220774247492384,0.22893483539143927,0.9088132186816243,0.15132903385841334,0.2075122310599677,0.23459902433787422,1.765814835500625,1.8129476790104826,-3.1607441037614805,3.18568082818898,3.2564568326168954,9.381424058350648,5.305908203125,6.0107421875,9.588623046875,0.1337890625,0.165771484375,0.044677734375,0.9999962785997756,0.9999791384279393,0.7621382568092117,0.07870848397760641,0.08890550088145574,0.08656772812590828,0.004832034465055509,0.0031184790610119494,0.0017717667958744069,0.9998185260729513,0.9999080546950928,0.9998695446586853,0.8999205991117858,0.12843214765064115,-0.7881880382774595,3.418027092096136,3.0274911481222153,2.192868560116481,0.15132903385830676,0.20751223106002076,0.23459902433861213,0.13659348508272556,0.3315638167638942,0.683049611551226,1.080334186553955e-05,0.0,0.0,0.9996179122358763,1.000043179380202,1.0001189727929582,120086110074489.03,507221522453449.8,4912638934679316.0,-26.315033924353784,-27.887874774690722,-28.316112513649415,0.3601332108672402,0.24279886595776565,0.15901476871540515,-20.081236769104933,-3.7348189781540246,-3.0773383505616634,1,,,,,,1,0.0014388888888888889,5.18,5.18,,49.39222931891859,1.295,,,,,,0,,0,,,,,,,,,0
3,11017,160906.0,0.4006800851597507,0.09848188321677816,0.9183228640309599,0.1589519855048341,0.20100414386607682,0.1324356658268722,0.2780383586273951,-0.0046068582008736364,-3.463136999099567,-0.0010198721904099983,0.9535739542586428,18.732856856331757,6.417236328125,4.664794921875,5.5927734375,0.221923828125,0.26220703125,0.084716796875,0.9999009359501821,0.9999875703827079,0.8084411395473133,0.04436062048649522,0.045110685741986005,0.047768759399898074,0.005873242762855332,0.0010225224665332555,0.009331037997340062,0.9989268767924707,0.9996025842265481,0.9985116664346741,2.5276176293682022,2.8129213834586952,-0.07183206059802649,7.692902985852991,8.948056804482098,11.925207290185172,0.15895198550498474,0.20100414386625948,0.13243566582751506,40.84590858976826,0.832971407975976,16.87997865847155,0.0,0.0,0.0,0.9998574103392416,0.9993193205111142,0.9999760822743196,121080024691594.73,28290609467250.6,573932518598120.5,-31.918264271216618,-29.232421178232542,-33.10833045964145,0.15659785913087862,0.40557968925734994,0.12029036409264092,-3.244243825785451,-16.74931554975444,-2.6724853958252988,3,,,,,,4,0.006516666666666667,5.37,7.203,0.23419812203520193,73.34380189326252,1.0791111111111111,0.18875057753069185,0.12806412881633136,,,,0,,0,,,,,,,,,0
4,11021,294990.0,0.4593115007440665,0.1964932674078332,0.4945858516423491,0.31828541234021074,0.4019471934437724,0.5157208024001222,0.864516935404168,-0.024539168098864167,-0.7869105793337394,-0.7773079869830832,-0.9514172564169603,-0.891042922707193,5.64306640625,3.66259765625,3.964111328125,0.460693359375,0.62939453125,0.911865234375,0.8687866707346011,0.9999881690904776,0.9932807891792942,0.0008109766432760433,0.008171971931251907,0.03351398352486525,0.00048405030679006067,0.0009598630462049561,0.00038441981084104545,0.9998301181094305,0.9999288386745193,0.9999352842291903,-0.21357058077468594,2.291873789361671,-0.34878896103680623,11.925909478014244,19.79339768294178,24.138259177034453,0.3182854123405419,0.4019471934440358,0.5157208023999728,21.476479575094995,1.7985774099984198,1.460347185698967,0.0,0.0,0.0,0.9997596756962964,0.999137260151494,0.999869956785791,709884453558669.8,412975628660956.0,1117121589028327.1,-29.258694009853908,-27.458810921805192,-29.565062990644446,0.23193712812190662,0.39473536765102235,0.31361349394429094,-5.838820975920215,-24.17603250348769,-10.555097918582796,4,,,,,,64,0.12813611111111112,5.390000000000001,11.219,0.7719967796001379,77.91965608849901,1.1167078833348365,0.15457667592802118,0.22914858344251857,6.0,0.515163751605446,0.8231643655250961,8,0.597315578570288,2,0.5248834307562672,0.9229610780853195,68.1349264486536,1.114074074074074,0.5413082259916399,69.15074965984086,0.05531744483626882,0.027272760977538606,0
5,11022,422816.79,0.3042493605696346,-0.22588230393817926,0.955559532994258,0.1552950559945915,0.11381337097930572,0.0819325304138642,0.3210992987901037,-0.376243857301013,-7.124317963183949,-0.4855942742344799,13.209153121632667,96.47079928901621,5.377685546875,5.2099609375,6.05712890625,0.267333984375,0.118896484375,0.077392578125,0.9996274509344816,0.9985344006797838,0.718702845267805,0.01641448533772748,0.038981730124766335,0.01590965675700816,0.004882800420484721,0.006065771418396133,0.007138339988816433,0.9997173515256281,0.9996214162581655,0.998747526145176,1.3324413757657791,1.869414727894116,-0.23295261157569302,6.946875556034253,5.726639175177289,5.921270441804954,0.15529505599474247,0.11381337097939315,0.08193253041360825,5.941419209885703,0.28997006505193534,1.9413130032017474,0.0,0.0,0.0,1.000094701923812,1.0000161760899864,1.0001283437564914,744853332293171.9,408629859651847.5,6035986340980143.0,-28.14661178514432,-27.622954199497606,-28.498281531823856,0.1781352687215307,0.2127869767254864,0.12888231573362946,-3.0035978981731564,-4.031551176935347,-2.435969071956176,1,,,,,,,,,,,,,,,,,,,,,,,,,,,,,
6,11026,433575.19,0.38592011962089695,-0.2380248614858637,0.7005683890945604,0.3215790994610548,0.25408615208701574,0.40876085765820686,0.9579843361015408,1.9731545008562217,-1.6751003304699454,-0.36526850047520076,4.843853511699057,1.5257724199451692,5.94677734375,3.5400390625,4.648193359375,0.29931640625,0.131103515625,0.205810546875,0.9340896558218656,0.9999977166590183,0.9999192066317263,0.011863432499447213,0.07533366934579444,0.07313555002997289,0.001703695269095079,0.00449382262855031,0.0003585998543874247,0.9998796891155032,0.9998599339707063,0.9999416705660255,-0.1522785468798069,0.03303466526724641,-0.9873179824760308,12.233957112678539,34.155971759797524,20.231404594912366,0.32157909946062607,0.2540861520870818,0.4087608576581056,5.908222192797503,2.0631874811620463,0.6849197011166426,0.0,0.0,0.0,1.0000171992843974,0.9998516871627923,1.0000813709983045,1608368929560191.2,758534635790454.6,4289668715492451.0,-27.760995356072442,-27.006457056838748,-27.764131974386267,0.256009458109179,0.30048463961188054,0.22291416149546772,-6.504561555605269,-7.98030353490484,-5.029852431050883,1,,,,,,13,0.02028055555555556,5.38,6.585999999999999,0.17195802190278686,72.30658347393357,1.3010100732600733,0.22506358925440303,0.24500844709904615,,,,0,,0,,,,,,,,,0
7,11030,364155.0,0.32505793570233443,0.24407640476915307,0.7567854754821951,0.2565299406334065,0.2856674797177055,0.3610101101908599,1.831196223049015,-0.6500353989413945,-2.1788373576890887,2.3958226700182195,0.0236378677377167,3.4982472946641447,4.3134765625,4.294189453125,5.170654296875,0.164794921875,0.378662109375,0.145263671875,0.9461648748472491,0.9999856379838256,0.9001256607763177,0.11206255577981904,0.048584009556370225,0.10172802790020732,0.004395188861885735,0.00048729249907319684,0.000447941123971935,0.9998131897244263,0.9998854546049504,0.9999319300203322,-0.5008193221180306,1.4930694410382053,-0.9203560046923964,14.983612510573272,19.416105989755597,7.150941070397304,0.2565299406341193,0.2856674797177609,0.36101011019036566,18.152808823963372,2.073239178282612,2.298412141696951,0.0,0.0,0.0,0.999830107403112,0.9993886237604851,1.0000472648975207,907879074122946.6,729304259552917.8,3815852863440823.0,-27.091371181254953,-26.131489674289348,-27.765169231968294,0.27706536987203717,0.3250396217032362,0.21486565559503498,-6.97731162779894,-9.899402864901043,-4.117911099500976,12.0,2.6843541860580444,10.505022409403402,7.913368091588125,-2.354297087505739,0.5514141536418231,49,0.14176111111111112,6.68,19.316000000000013,1.0038174081327347,82.790773121542,1.127124238750815,0.1536187441059723,0.2685357673068191,10.0,0.5506245593147325,0.7509877290951289,13,1.083815385340092,3,0.9184536191838818,1.039152079877535,103.94859048887479,0.8385724311530763,1.083815385340092,111.7811203260875,0.29884449069856744,0.19563002461473195,0
8,11031,365223.0,0.38791407117139304,-0.04154740296564103,0.575989589182446,0.30211013270012915,0.49032965464619244,0.48483853730379195,1.2578583037209536,-0.4385179442988309,-0.5362439391084763,0.13074723436583335,0.46025925853141514,-1.3559253796358837,2.677734375,2.594970703125,3.28369140625,0.213623046875,0.2919921875,0.89990234375,0.9145205805767983,0.8748118546750889,0.7957599877335217,0.10820490494848353,0.09464833813861669,0.010745927830394034,0.0014205293752036427,0.002512300703953475,0.0001678700410434173,0.9998945891020069,0.9999743151912961,0.9999611259745858,-0.667077161047454,-0.7494173255622778,-0.9759498152426132,20.921822815149206,36.88680558119426,27.82111267861658,0.3021101327001179,0.4903296546465841,0.4848385373045753,10.32204209875261,0.9293819510453567,1.573382638309986,0.0,4.693865776062012e-05,0.0,0.9997939970929924,0.9995595331776689,1.0000195635065774,1285215847713237.8,1188037025135615.8,2999737110770339.0,-27.12578418493278,-26.903957407784535,-27.519628375538748,0.2706337289580318,0.37139672572223775,0.29125264820446384,-5.305138144536987,-29.080986711567483,-6.928394386696942,20.0,3.266425001621246,11.497839222031246,8.90921208052755,-2.425380698619313,0.459804654342378,126,0.3555055555555555,6.765000000000001,17.345,0.9420430861007673,92.02727669256518,1.2249610556773631,0.09539764941654408,0.12065625962107368,28.0,0.4938859071731703,0.635066127366606,33,0.5428514296062995,5,0.5278098155289169,0.6728774823859784,94.09458813969324,1.2696987381291351,0.5485263629046888,95.2609872682907,0.04122860238681837,0.03648158390236065,1
9,11036,435397.19,-0.011014990671685605,-0.13876515170339532,-0.950335763212838,0.15063086575668422,0.1832491824345693,0.10070194381452693,0.20168967166079718,-1.3199372565602607,7.044521819689135,1.820348682396709,6.628644223143112,68.41357220575003,4.49609375,4.58837890625,5.92626953125,0.18310546875,0.185302734375,0.03759765625,0.9999595771392094,0.9985495542587218,0.9975195522047352,0.0512835877512209,0.04117199286472198,0.031174408819680255,0.003288055212299372,0.003650322134600823,0.010988311614964717,0.9996872263170671,0.9997308268731032,0.9984466239034354,2.797097901773734,1.4654263140568466,-0.9717867573296675,12.937675068444603,20.04278370521461,10.212934922069358,0.1506308657566559,0.18324918243505506,0.10070194381430318,0.3774196303784101,0.8797061524604829,17.58298447333402,1.862645149230957e-06,0.0,0.0,0.9990071601574134,0.9989246691947555,1.0001047294972756,133347914930091.48,326924361313530.8,6192895355150685.0,-25.100785054468567,-25.16925802604523,-28.283442747217254,0.41053403862077764,0.36386988219787475,0.1300579976636219,-30.897288189214883,-11.541184057778954,-2.4046678649535407,,,,,,,,,,,,,,,,,,,,,,,,,,,,,,
10,11038,214902.79,0.251476355893231,-0.1789256619132488,0.9150192137499776,0.24017227721224094,0.14357628924610663,0.26143590239419245,2.335997484359542,0.3259728405911438,-3.0656418945453754,4.7724786994474915,4.114828958696256,7.881244323468064,5.08544921875,4.951171875,4.953125,0.143310546875,0.15576171875,0.032958984375,0.9550009564789735,0.9987264474323484,0.579634401209961,0.08248268903349278,0.05646343632858373,0.08426982264864966,0.0036689612079954846,0.0069235490148824965,0.0008137632833896666,0.999848334004074,0.9996096754398037,0.999778859465041,-0.6979057761147793,1.8807090550049685,-0.0023315852709886453,2.847962197516787,6.494688772423698,9.825953530846922,0.24017227721284873,0.14357628924619867,0.2614359023941116,0.5319055339286959,0.8415808641225987,0.4846706164969205,0.0,0.0,0.0,0.9999706778774355,0.9997391076876301,1.0000503941508252,188975607141814.47,83275716648756.28,1499366552440099.5,-30.2754622663969,-29.07788610973951,-31.11376314036999,0.2904274051664133,0.2673352388082122,0.1632477723624522,-6.518643799709826,-4.484162241526647,-2.866847515971441,4,,,,,,,,,,,,,,,,,,,,,,,,,,,,,
11,11041,303062.0,0.4801704024178505,0.23577905028380125,0.4836515889458959,0.3508027813264337,0.39799187340197284,0.4685755626020304,0.205921607265497,0.18430161207203202,-0.4456719063343593,-1.3267024433240207,-0.0550638641994845,-1.1612785830149102,10.369873046875,6.336181640625,9.640380859375,0.682861328125,0.43115234375,0.84326171875,0.9548499976902416,0.9999560485973167,0.9172822722743201,0.0011736542357669388,0.02411278880229128,0.0190119513498888,0.0011391398459721113,0.00446812863374491,0.0005140862265806997,0.9995300890441504,0.9997762050080801,0.999799879972214,0.6007117904120332,0.09363822507686281,0.013155999553922548,9.213318954618682,20.507256418986668,11.264151079530393,0.35080278132674625,0.3979918734022063,0.4685755626013949,15.34681990624661,2.600043379229017,1.5849391632678769,0.0,0.0,0.0,0.9993396106995717,0.9982943692202195,0.9992034922794245,824774753811092.0,460482196773176.5,1029533803722370.5,-28.022458663573055,-26.63501001618848,-28.017600463792494,0.22121866651182456,0.3594094419120153,0.30322347940093547,-4.4754969012625665,-18.444054798739398,-9.522615933799907,242.0,2.6142231432859564,11.072027513811026,8.333613036930931,-2.3585075289735893,0.4971168261961678,506,2.9390333333333336,9.4,43.795,1.5900896523462045,74.63669476110037,1.340261450612094,0.10626783944235055,0.17538425686930925,147.0,0.4501886535249021,0.732597938918989,229,0.5704139193053922,82,0.4942935711288111,0.7915565734169822,74.65319672111667,1.4610724628068503,0.5952096638617866,80.0559789790011,0.13492750930646785,0.08996779116909819,32
12,11047,288695.0,0.31638242015998175,-0.10987905476651938,0.8745989895498223,0.2800011968562896,0.17303443752567435,0.31261959450838017,1.7757845952913638,0.770377704910594,-2.253530720090538,1.6499767137936079,3.0587008523666768,3.7159134302373547,3.739990234375,3.3994140625,4.876953125,0.128662109375,0.1845703125,0.033203125,0.9401034655951783,0.9999801520635966,0.44885751398534784,0.12969777793172726,0.044877465837648726,0.10007031642390758,0.0013236807010859211,0.0038656713832937875,0.00020575347685273385,0.9999118622084843,0.9997701609062122,0.9998902711763101,-0.8710703726261464,2.3836036046260975,-0.4068949340608883,8.768335488697897,15.16735892766509,13.458399895123774,0.2800011968562582,0.17303443752567518,0.31261959450834487,6.477020427213605,0.5781967290306105,1.125253947126906,0.0,0.0,0.0,0.9998579885511225,0.9985195529528584,1.0000174347465043,387502021280301.8,86392612579532.92,1990025224598145.8,-29.681595185084937,-26.096487088878646,-30.616301655968947,0.25786083631768114,0.3966294604685751,0.16199783304767265,-6.570778754019013,-15.004485469222617,-3.3599717317430926,10.0,2.8861000537872314,10.8810723371973,8.819637890384534,-2.424412734816838,0.3634950494041969,8,0.01471111111111111,6.355,8.535,0.21639881356991347,70.82096516456114,1.1351681547619048,0.13643619904863963,0.19808498096869193,,,,0,,0,,,,,,,,,0
13,11048,326224.0,-0.07029246947350115,-0.4647771634554593,-0.5987677045958069,0.3332931046125235,0.44154019166564695,0.4151321661269492,1.402972311074674,0.9238301647964308,1.1271504129827654,3.1709861453448305,0.0294063139036016,-0.20632865299977876,11.319580078125,10.626220703125,8.84423828125,0.287841796875,0.605712890625,0.510009765625,0.9675390835744765,0.9641461695031635,0.9988439845014468,0.05264876281328167,0.07092556035116974,0.04810458457992055,0.0028435369562018736,0.003097656824758448,0.0015649063220363922,0.9991550535017477,0.9993918044705198,0.9992074379676531,0.9491189153175448,1.012998644719573,-0.4126978489991613,25.147520919356094,25.334253629152325,47.33458543483288,0.33329310461001443,0.44154019166509867,0.4151321661262887,4.288718471993532,4.053399716071718,2.8076540448118577,7.450580596923828e-07,0.0,0.0,0.9973444621756762,0.9985382575137812,0.9989704063666671,256019738967654.62,1013726138187405.8,1352147859881880.2,-24.75736966700543,-26.42603781121199,-27.502323299317005,0.4687343242210085,0.2900138120144663,0.23432706125673888,-92.91456198689447,-8.66527994791519,-5.572210624575889,,,,,,,,,,,,,,,,,,,,,,,,,,,,,,
14,11049,108559.0,0.3359134686364025,-0.05205074002727635,0.9486750512637065,0.13027321105016013,0.15971916489310226,0.14642306957515705,2.2679172931556293,0.0608996980184701,-6.20037750149407,10.984220948543545,0.6385192119696557,40.43032116812216,2.900634765625,3.00048828125,2.33935546875,0.09228515625,0.205322265625,0.03466796875,0.992530605477206,0.9999990788419201,0.8076795106808279,0.0331011707919196,0.03421669322672464,0.022671819010860454,0.009878038670216195,0.003059626562514393,0.009973562763105777,0.9997683661886317,0.9998772387519512,0.9997346854746272,0.11208761809997814,0.7968764708708322,-0.9942743005709394,2.805913989867341,2.4292148223623964,5.599458979931964,0.13027321105014208,0.1597191648931019,0.14642306957514992,3.4898168428508707,0.1003055452902752,0.6680391258843905,0.0,7.450580596923828e-06,0.0,0.9999622418198161,0.999537346142109,1.0000174400554267,53931492553338.22,10436944910762.32,388668848078028.94,-33.004398625811014,-30.125165881564975,-33.891518290742304,0.18879741099854427,0.3495244582683552,0.14163809473351907,-3.6868299439589753,-12.084392588982336,-2.1960270163646483,2,,,,,,2,0.003330555555555556,5.995,6.503,0.1497957651554487,93.26326260030822,0.9254464285714286,0.06738679469447234,0.3947245379590318,,,,0,,0,,,,,,,,,0
15,11052,282854.0,-0.3827605017859672,-0.2745362772405469,-0.5709688429749618,0.31532792428830875,0.5175747167853515,0.3054534680568336,0.5389489510102436,0.1707953337016673,1.545448650268917,1.1676236756839193,-1.1961318163858383,2.4148305582150753,6.5537109375,7.33544921875,6.417724609375,0.560791015625,0.96435546875,0.2236328125,0.9980146648094069,0.9386229998515135,0.9998014169854412,0.009476302261944325,0.014380528470518359,0.06855996379757755,0.001345888691692534,0.0009162677565104258,0.0033574918509195555,0.9998721873410026,0.9998685305435472,0.999638252536431,0.6946298129292106,0.9566878795214877,0.465907221730673,4.7983533202418736,19.585508727940013,21.25192137029416,0.31532792428804857,0.5175747167852656,0.3054534680556319,2.7786954753888145,4.181064254233203,3.5899898482666237,0.0,0.0,0.0,0.9998418045941551,0.9995523891007659,0.99978475759544,525393323718278.6,681497469991547.8,926177046073361.6,-29.528947044742516,-28.616059989486878,-29.496038898205306,0.27966331100355896,0.3696294770173523,0.184864620132623,-6.986521729774642,-20.344958781676425,-3.3476243040469504,,,,,,,,,,,,,,,,,,,,,,,,,,,,,,
16,11053,282449.0,-0.05516094210640406,-0.13973148350039521,-0.9384220554598462,0.24680509491880445,0.1377081159511647,0.17878226277085082,0.978121652417914,-0.11556072670743237,4.360651663740312,8.461915215452812,7.200890990491915,21.175222935861342,7.0458984375,7.592041015625,7.75244140625,0.091796875,0.1220703125,0.018798828125,0.993178945579556,0.99969626375027,0.8829814940042273,0.07009187499336163,0.05869456078796526,0.04038654765993153,0.007963101303244126,0.006552368746216131,0.004143048833594737,0.9991488082578538,0.9954631508502682,0.9948435042853199,-0.5954715009073472,2.167261842795985,-0.2034587219406585,17.067242947204527,40.28284092301867,56.341724120187365,0.2468050949191941,0.1377081159514914,0.17878226277113843,1.5788825664493318,1.2981480531787017,2.3898415646481075,7.450580596923828e-07,0.0,0.0,0.9978830400562816,0.9929632736198665,0.9997515543253458,122131352846643.77,80102485631337.97,2079975388647242.0,-25.301078479479916,-21.61645283202012,-29.409433967417083,0.5154652401802233,0.3158494244633506,0.13262690077562145,-93.56759117360981,-7.018404085086473,-2.422212400165394,,,,,,,,,,,,,,,,,,,,,,,,,,,,,,
17,11057,435411.19,0.010256778198503723,-0.12487531720043113,-0.9509827221162017,0.14329802718200346,0.20615975182947938,0.09658900376964093,0.5614314785639137,1.6004299683014755,5.90878510185456,19.106089003771807,4.231776466173279,47.62659619738311,4.929443359375,4.644287109375,5.16162109375,0.0888671875,0.228515625,0.037841796875,0.9989074006113623,0.9999971061836973,0.9948346757004568,0.0467728677345201,0.05163411165431922,0.044448788741511217,0.0066580971426113324,0.0035812354753675486,0.015072396279020758,0.9996767661271074,0.9997936139753142,0.9984357377584907,-0.03497829041047762,1.198789425292492,-0.9992315574951893,5.637205081806761,10.87237478092672,18.631953893233277,0.1432980271821481,0.20615975182976926,0.09658900376925947,0.42660130202180746,0.6837958190722102,3.0523051795961735,1.1175870895385742e-05,3.725290298461914e-07,0.0,0.9981628731465765,0.9987825270275612,1.000088077246437,120606087079080.67,354119311185843.1,6196695927084794.0,-24.138498941811537,-24.97587549278517,-28.18476904978006,0.5425579998241312,0.3072082312043256,0.1276489866032625,-177.72494968307538,-10.925092760249928,-2.360143802633372,,,,,,,,,,,,,,,,,,,,,,,,,,,,,,
18,11058,286738.0,0.3213789928552208,0.13081511479038574,-0.5803074907484413,0.3453733382449843,0.5184772209476203,0.38375684360031753,0.9139380178736108,0.35891495739150586,0.3111561402901829,0.8108431533108829,-1.190034926717731,-1.3941600693460596,10.905517578125,11.093017578125,12.2724609375,0.1708984375,1.06201171875,0.723876953125,0.8752009499961637,0.9981047855533624,0.9966014968368336,0.10963939205825528,0.013034058966722235,0.0031528782372758405,0.001845412885630785,0.0014730869295314886,0.0012693120549072672,0.9985992787687843,0.9987906444579964,0.9969873284837819,-0.46443912561042633,-0.6686422688591926,-0.7411206530011156,26.396937876111025,78.06566652149036,65.09640170547962,0.34537333824432276,0.518477220947744,0.383756843600021,5.102676141776451,4.5043461735944135,1.3026459678191398,0.0,1.1175870895385742e-05,0.0,0.9980009966335613,0.9949442579640542,0.9977966037454646,469404092501758.06,553901876178985.56,1067219543030398.2,-25.530642582934576,-22.998971538241882,-25.674935747444742,0.3604742848901361,0.4090763483514398,0.25654680589269874,-11.061302204805079,-37.78497674061777,-4.080381245858893,,,,,,,,,,,,,,,,,,,,,,,,,,,,,,
19,11062,284597.0,0.3122152290656146,-0.09945373583839055,0.8954641616090994,0.22210818936427523,0.15210924293050607,0.3358869447426727,2.2640511152822986,-3.2559600491619807,-2.821477677849392,4.257382137062163,20.07224981772937,6.487102287142974,3.836669921875,2.353759765625,2.639892578125,0.14794921875,0.107666015625,0.039306640625,0.954142770303271,0.9863236084709256,0.37766030562514713,0.08572265343626251,0.0310988871983893,0.09302613871544675,0.00106585803785704,0.006703619504070668,0.00018791484098567448,0.999879807838987,0.9998804924130544,0.9999684979898579,-0.7853246833138081,-0.050915084220679585,0.031115380221759636,9.37673661280312,9.649131411491133,10.960474889705969,0.22210818936440133,0.15210924293053552,0.33588694474291636,209.30276362503025,0.3820597862053518,0.7199010054934423,0.0,0.0,0.0,0.9999763924096254,0.9995110694844392,1.0000489296374404,319854739311015.4,67076236265025.47,2071661069166174.0,-30.311207471477346,-28.30623184063226,-30.942947074114247,0.2302446297448022,0.3420966879935217,0.16450218801485278,-5.470722815936117,-12.435490075415537,-3.854406772550956,29.0,3.1411982733627846,10.473977395515714,9.056979577431523,-2.3978187195673155,0.4862820417482882,5,0.010127777777777777,5.84,10.924,0.5135224154116772,76.33587986900434,1.3727090909090909,0.22935013884166144,0.09129934836735833,1.0,0.5116714226328959,0.7779477843733626,1,0.5116714226328959,0,,,,,,,,,0
20,11065,115848.0,0.24217005162054345,-0.21083221416580078,0.9599821779956953,0.1526883606546319,0.140746721145386,0.17379746250717593,1.879625904519895,-1.217307871437168,-5.6196937463170205,5.190455998020649,2.615534530092045,34.04813226778588,1.851806640625,2.637451171875,2.23486328125,0.164306640625,0.147216796875,0.025634765625,0.9998847627926248,0.9997655548649955,0.5306709654029418,0.03918099578758373,0.04932592707685933,0.03823337476693599,0.008045283474898142,0.0018052102755334576,0.00437288515986465,0.9998930808029347,0.9998106619999607,0.9998485857706196,-0.17700811404913708,0.7953810052727142,-0.3202332787914959,6.245436147650961,4.256960853929718,6.252974103077434,0.15268836065457897,0.14074672114549672,0.17379746250763925,2.9937029666327315,1.2076213354206653,3.2933167596688713,0.0,0.0,0.0,0.9999199141380877,0.9998215814555831,1.000021913880497,35793730800968.38,27960119788478.68,431811776613290.8,-32.468948394027564,-31.696194853305638,-33.93441874862483,0.20568365034234778,0.20721283573723134,0.1442008876466667,-2.7722819023202616,-2.4345754125778574,-2.7136852394283135,0,,,,,,,,,,,,,,,,,,,,,,,,,,,,,
21,11066,286832.0,0.3914179470828089,-0.4007148096217908,0.5552855262452057,0.3821706821426254,0.4464482760150759,0.39595262144578824,0.8545583204591833,-0.062239432249789985,-0.337491317267883,-0.8564184244134387,-0.7514375368064075,-1.1723231122379987,3.63427734375,2.874267578125,4.7177734375,0.6806640625,0.77197265625,0.779541015625,0.8008692893401015,0.8552834760417247,0.8627508436994478,0.0004663356947620907,0.01562946254253361,0.013388045964188097,0.0003395715959167736,0.00029721230546103644,0.0010071400680537737,0.9999420448929477,0.9999651909186915,0.9999433784367071,-0.8186061673220564,-0.046033595650188275,-0.14298247402922293,9.354572951445498,18.33049385994825,12.019602443921649,0.38217068214323724,0.446448276015307,0.39595262144602655,1.6462015183077017,2.2453319588964655,1.0368229648363818,0.0,0.0,0.0,0.9998768202212355,0.9998018951190161,0.9998229556864457,639029464852123.5,758751733685357.9,1022110999335943.4,-29.72221903477295,-29.441417536838856,-29.34217845074068,0.2809926810616061,0.3088052353832298,0.2500775125109019,-7.9187869035317755,-9.750141599517102,-6.0195166221040814,6.0,3.3919166723887124,11.179950191119241,8.955123952709775,-2.463430269183276,0.5837049345712114,82,0.24175555555555556,8.32,15.603000000000002,1.124123954714998,86.84124200828383,1.226937725452132,0.1335663430481342,0.1641861204727254,21.0,0.4746205743564773,0.6574962037561786,23,0.558356279509032,2,0.5722560364446588,0.7830159375805619,87.19202926638675,1.3879366028708136,0.6386497559690855,96.43810155803686,0.20509809558146933,0.022020635936119883,1
22,11069,118047.0,0.35046435632910644,0.14290967767671456,0.7685263164181957,0.2769544459356997,0.19731836289381952,0.43044179998888743,1.7246946469873703,1.7873962402043337,-2.1434899208557234,1.616942413438264,3.4972366150720227,4.124855621831144,8.15380859375,5.040283203125,8.724365234375,0.17626953125,0.176513671875,0.088623046875,0.8982454446110447,0.999992291206045,0.7730115123637196,0.13537294467457878,0.06875430972409295,0.06203639228442908,0.0004937016612027412,0.002668598100756478,9.716468864096505e-05,0.9997631005130084,0.9995935790217195,0.9998186783803517,-0.9978498315554005,-0.5325534437043664,-0.6320159486975965,1.8997835513979524,6.6180842411382335,2.750087064420009,0.27695444593558244,0.19731836289380267,0.4304417999907377,30.542380687767757,0.27179717576778795,1.7653862019364526,0.0,0.0,0.0,0.999620325771756,0.99841702481295,0.999896900195162,87576973703612.1,24919413777893.957,348471395431039.8,-30.856514512618357,-27.25271732147334,-32.39757899484789,0.24822554147005838,0.29887311731215277,0.20259549564039062,-4.87353755984499,-4.9134748415846135,-4.281861333578463,14.0,2.9727678298950195,10.840962333188278,9.185723918133766,-2.4162626673631005,0.42950564507328876,62,0.21553333333333333,8.185,29.92899999999999,0.9479927667278162,73.92643812604241,1.4514679597262958,0.10180043303328339,0.20633405298620222,14.0,0.4432677003608778,0.7228823025108151,21,0.49978059552187476,7,0.48115147349398046,0.7828682400985149,73.4229549283948,1.5943031376119339,0.517649280630773,76.3499848162262,0.08201360706519298,0.04218593338559875,0
23,11074,198591.0,0.277434827726568,0.3620419627270212,0.48366115106117913,0.34134381719079177,0.3151749498986851,0.5179972748439214,0.5083588086369697,0.26671715815904246,-0.4631433081595844,-1.1108258997257505,-0.6075463426235017,-1.3875256985655293,8.71484375,5.467041015625,3.95849609375,0.675537109375,0.398193359375,1.003173828125,0.9999029160435267,0.9999912886283869,0.8540408175597082,0.00015811391251365872,0.013291488536741343,0.003222603239824564,0.001160777678746771,0.0035983503784159402,0.000586129280783117,0.9997819959028053,0.9998477005874967,0.9999451505164394,-0.2093469409934896,-0.07484691424394208,-0.6079668912318836,5.846109430990051,10.389362176726177,20.45615889546689,0.3413438171881701,0.3151749498991138,0.5179972748437063,4.120355102280845,2.803848550551171,2.2369204564934058,0.0,0.0,0.0,0.9998004076090435,0.9997496098720031,0.9999236027689103,272992823585088.6,332882425354710.56,715459476094783.1,-29.532283904995335,-29.29050500627093,-29.95257943535327,0.29689899076980497,0.2790536657410426,0.32066337668546635,-6.973893981351063,-7.468502909374513,-8.276533131737155,3,,,,,,10,0.015858333333333335,5.359999999999999,6.561999999999999,0.13908068222184214,82.13345523808039,1.1499142857142857,0.12285275168291299,0.2705585790365316,,,,0,,0,,,,,,,,,0
24,11078,116798.0,0.313155971900672,0.07609863661681118,0.6322833305777857,0.17687144260248466,0.5804127830896043,0.4154499086336889,1.381688945509524,-0.4036231637098822,-0.5505029416047982,5.549894740180019,-0.3465234051271948,-1.404404762601284,6.550537109375,5.813232421875,7.495849609375,0.12744140625,0.791748046875,0.783935546875,0.9933557081456874,0.8839398791075189,0.8574991866299081,0.07959485607630268,0.022832069042278122,0.002945427147725132,0.0022710149146389492,0.0021358242435658144,0.0002836521173307762,0.9990565163677252,0.999937601173861,0.9998120764498012,-0.40532798749296495,-0.9836363788166038,-0.9966422878951617,3.61853072331251,3.6825294193830507,5.269043593805659,0.17687144260261595,0.5804127830897445,0.41544990863530395,6.810332028085273,0.7171695838772256,3.1486440359318855,0.0,2.8312206268310547e-05,0.0,0.9994794650749701,0.9998967234265471,0.9999702638998823,57367675654667.69,134675483115030.5,251574937712438.72,-30.29220237090637,-32.19016983104647,-32.94229175909248,0.20968429725720808,0.359092519035026,0.2076270234503663,-4.303998074591074,-22.099329257824913,-3.2998459138848393,16.0,2.8379218578338623,11.457707329075582,8.215802203170538,-2.3721256235983788,0.4619226687784236,16,0.03913888888888889,6.745,14.205,0.5357689443702803,83.80001640893958,1.041975931013431,0.15125185466610894,0.31339722862260444,6.0,0.6888422321417704,0.9403866781286108,6,1.084205430064026,0,,,,,,,,,0
25,11083,246877.0,0.3118680665118662,-0.14124538767581504,0.3230082010945576,0.6348118349172881,0.21428176989625966,0.6169203491928543,-0.7051235839559785,0.25525407278871143,-0.2645291234302175,-0.6487417681657703,0.04089891061741824,-1.3985665901183875,9.051513671875,4.851318359375,12.846923828125,0.791015625,0.264404296875,1.127685546875,0.895412816908825,0.9999709977033098,0.8760749280005833,0.027253247568627292,0.0581001470367835,0.002944543234080129,0.002166990039574363,0.0023602846761747753,0.0004973731858374819,0.9999181053023339,0.9996800471771938,0.9999168083074568,-0.9118064535725219,2.7040083814412883,-0.720003965105039,8.217287613529555,16.53355114355447,4.874905613376159,0.6348118349173981,0.2142817698961808,0.6169203491937183,69.6791831596937,0.8946139738977145,1.0553692854304464,2.2351741790771484e-06,0.0,0.0,0.999930858201854,0.9981661024172528,0.9998210049733085,858332732429151.2,115131614896053.78,835118356102216.9,-30.15368672550604,-25.98768413078567,-29.436233210653313,0.21537195859019784,0.3441857619230804,0.28645410213231054,-4.254631817797632,-11.718943859479822,-10.764616582205962,18.0,3.4918611447016397,10.653709690907474,9.127730559647347,-2.482508134426352,0.5630147803922667,25,0.06596111111111111,7.41,15.963999999999999,0.5655756012345665,72.05195095927769,1.3143197252747254,0.17573192139185156,0.19791397045058962,8.0,0.4019748833137123,0.7124065333969648,8,0.4776411709682964,0,,,,,,,,,0
26,11085,422936.79,0.24131732412892376,-0.09435888567146686,0.9274578242792147,0.1980832536626968,0.19836487838686237,0.23282656997285436,0.25644195467635345,-0.82235513767127,-4.5131975804151665,9.119710898704149,5.994485699052447,22.076020966526055,10.19140625,11.858154296875,11.666015625,0.1123046875,0.192138671875,0.035888671875,0.9929497266009892,0.9962336688657423,0.7087025463072153,0.05857544338954292,0.04172987646688291,0.05358935551574977,0.007221812034843315,0.004812870500104756,0.003193857881221447,0.9995809338999689,0.9996846175383209,0.999686673541231,0.09574066042488738,1.9998898680565858,-0.8004564952583022,5.003746587618029,2.2781723960459828,4.882958499864063,0.19808325366279195,0.1983648783868645,0.23282656997310655,11.106099313727514,0.6704612065709865,3.972620393555431,0.0,0.0,0.0,0.9996749927663161,0.9988245857576857,1.0000742529195432,605249035504138.4,281744235155657.56,5959734309641837.0,-26.690332156012513,-25.11441625834277,-27.933616535480283,0.2625169666889096,0.44171910389664776,0.1564269386804655,-4.699622293195019,-25.65355524522053,-2.6768942015026256,51.0,3.0288431223701027,11.612066890818046,8.128728121799671,-2.4603150223277854,0.6636712687745802,26,0.05208611111111111,6.35,9.49,0.4781066617499802,77.4460261773497,1.2678579806945192,0.14097362136345518,0.23082154187105128,2.0,0.47490755979020044,0.7127166992587713,2,0.5250886447649995,0,,,,,,,,,0
27,11088,406584.0,0.39751516875491133,-0.013847814569356362,0.7947023113204121,0.33358843598656057,0.137908680570132,0.3862940325840378,-0.3732752436202844,-1.0605732283781206,-2.273176216639933,3.4720564325328356,6.906869152985276,4.926553653665979,10.780029296875,9.69970703125,8.65576171875,0.2255859375,0.150390625,0.12646484375,0.9053355518170907,0.999881894024359,0.810177060582807,0.02552926332565964,0.03989269130118254,0.07299291167384846,0.0002767939712334966,0.004822816441374968,0.00026944001731499516,0.9999167148659601,0.9995688491567233,0.9999257410001071,-0.7651039566457958,2.348945898697684,-0.968520922763999,2.4898110722054256,2.7383981066522725,3.8140428548663543,0.33358843598669746,0.13790868056968134,0.38629403258553585,10.3314576221831,0.3735516847124224,0.6559501375078918,0.0,1.30385160446167e-05,0.0,1.0000126013719746,0.9978502407784092,1.0000962471081913,1600097887840703.5,104906216336787.02,4782662252408697.0,-27.695976504757787,-24.174970281898315,-27.948642067722698,0.2472128561923568,0.42995853799305933,0.19329035170970776,-6.23591557111639,-46.030679162182714,-3.760683757821412,10.0,2.9499249696731566,11.362391952869142,8.462543679107643,-2.424749354445093,0.7225835077587034,11,0.021988888888888888,5.34,11.09,0.7304015163797711,66.42613231306815,1.2275606060606061,0.139481877568932,0.18709081588898593,2.0,0.35956157462042504,0.6741204708731872,2,0.39921668943184735,0,,,,,,,,,0
28,11091,422945.99,0.5553350604675371,-0.0868239082040597,0.6525707800118118,0.3549151719835743,0.1935622871160361,0.3757252942298657,-0.14036646888870566,0.6027408813046375,-0.8889978208204534,-1.5811282426830677,5.376926656997245,-0.278546269435211,6.5673828125,4.955810546875,6.5205078125,0.72705078125,0.177001953125,0.583984375,0.9260024666506473,0.9994015075069042,0.8344489328294613,0.00028327494014070213,0.04499115832733158,0.03213892629647582,0.0004439810388082885,0.0066118607721047315,0.0025262800103625525,0.9998561712428801,0.9995475931442028,0.999766945000596,-0.19986113792471705,2.128416076366798,-0.3718126529009569,8.268418889549167,30.454244034076844,31.63716273346734,0.35491517198388145,0.1935622871160491,0.3757252942302695,8.413852357296127,0.781833783531216,2.2127884514077216,0.0,0.0,0.0,0.9997916758860617,0.9955089798391723,0.9996280966185714,2741325657662180.0,261947114917973.44,3599392876867901.5,-26.899121732582365,-22.442243562124702,-26.45997104878713,0.2041145561530256,0.49480340903157455,0.22992374880089586,-4.384937799586042,-27.899490839395273,-5.156112295712015,399.0,2.5671134144441226,11.134377279545967,8.749170029273188,-2.387243608376152,0.37498447482069214,309,0.9449861111111111,6.87,23.615999999999996,0.8321322803209519,69.41799676754374,1.1569379640829731,0.18901126649200625,0.204226060065278,87.0,0.3890833779989366,0.7116348051082013,100,0.6422651650390642,13,0.45214005848698063,0.7713570213714612,68.85339633863325,1.170616632436346,0.6597278083128356,89.5870688599676,0.37176769503566365,0.17809822839762843,1
29,11103,283259.99,-0.2583288315142753,-0.21282021856810218,-0.16133052948099189,0.4555345240055283,0.41099953627758334,0.7182166036373213,0.5083470887291504,-0.3990353610580656,0.3876856570639513,0.0562635728808254,-0.716956639372528,-1.2345562408887976,10.150634765625,8.756103515625,11.425537109375,0.603515625,0.578857421875,1.26123046875,0.9868099974161547,0.9741627117899707,0.9529919845015881,0.04214806333926652,0.006863553161884952,1.362705689568089e-05,0.0007022876757144559,0.0013497846977965366,0.0017339900350910836,0.9996863064523455,0.9997021083248502,0.9998435681805767,0.8786484896862681,0.9144387140302266,-0.8531525500414376,12.772556153847358,15.59582683614604,12.40719748529802,0.45553452400576455,0.4109995362787881,0.7182166036379045,29.583424327710667,5.065344602093107,0.8862730346407813,2.2351741790771484e-06,0.0,2.2351741790771484e-06,0.9983386354846391,0.9970688689211058,0.9994426218321589,547785715292050.6,425064537826885.1,1040191975207123.1,-26.73939549887563,-26.0305030223554,-28.24139040937623,0.2542814973494584,0.32086973671606805,0.2997199169992557,-7.365974857817035,-14.154370983795191,-10.580313028684975,101.0,2.5230321836943674,11.422847254660086,8.352961338217492,-2.4274438398567177,0.39551172106447474,56,0.23636944444444447,6.6850000000000005,31.87,1.886180006867497,85.61191643890486,1.1645237447703567,0.13543314252522176,0.20765975852677543,9.0,0.5909679809121747,0.7878383800870672,15,0.8409898313634157,6,0.7873017042069771,0.9562057893849601,97.61509071569378,1.0414461561179653,0.9845399667031179,108.59337169160466,0.2478528166377916,0.17739377987988583,1
30,11109,39494.0,0.2674558539054192,0.4635749196327686,0.44809662333499234,0.20323939046758838,0.43995634652712295,0.5296514850337461,2.226701580037731,-0.029857419130234736,-0.1406952358737028,5.336608610404458,-1.590983923561483,-1.77180673784129,3.24365234375,3.0771484375,2.909423828125,0.2158203125,0.86181640625,1.050537109375,0.9779880488175419,0.9998936547323644,0.9559267230465387,0.06406947890818858,0.00771864080619841,0.0066556945358788675,0.003596495670228389,0.00011064971894464982,7.621410847217299e-05,0.9998009938216911,0.9999667548724669,0.9999848034732357,-0.8874349565503663,-0.5667664955125662,-0.6868030389571629,1.0580680413836479,2.398587628130773,1.8095119978019782,0.2032393904675895,0.4399563465275031,0.5296514850336249,17.219894588182026,1.1487802130682792,1.6221887737819742,0.0,0.0,0.0,0.9996187665358032,0.9998263819698058,0.9998755809599404,4295512659649.839,15207555117761.291,17511803012776.672,-33.3859769851472,-35.34602368861859,-36.21533553243384,0.24646432552470696,0.25019406568432667,0.2748901903994503,-4.168505326430415,-4.4721910337442985,-6.2616930787111125,3,,,,,,5,0.010575,7.71,8.954,0.17512104887255595,69.48314389836844,1.2514666666666667,0.19840748738983915,0.12456984966768941,,,,0,,0,,,,,,,,,0
31,12001,26441.0,-0.03642493630054296,-0.11173241498687526,-0.9780573816062471,0.001267133738674768,0.0014123815379943265,0.0014036252817702087,0.3273505867164556,9.644243731858303,-0.05349858475955091,192.90837897233888,1815.1990623683741,12.191241070138334,0.224853515625,0.40087890625,0.146728515625,0.00146484375,0.00146484375,0.001953125,1.0,1.0,0.9999943269921713,0.03005181347150259,0.02802238947089747,0.04364434022918952,0.4230433795998638,0.37475776256571236,0.401634960856246,0.3657779741094302,0.5107148818808922,0.28576485388368456,-0.19771036067306214,3.4041927885020424,-0.8101585688241415,30.444654110176206,13.07744478792103,0.9317049142327307,0.001267133738674737,0.0014123815379945928,0.0014036252817704812,2066655344.4611561,2377534947.9074507,1149190227.491914,0.0,0.0,0.0,0.9998727472327508,0.999984457091096,1.0000020070616955,34074046642.085613,320558171872.789,24561512424716.113,-36.41190687786349,-38.979264368918884,-39.696728452712726,0.15003934477624045,0.1488387903901254,0.14909616997844147,-2.523478700584847,-2.4076100359945256,-2.414631798196265,0,,,,,,,,,,,,,,,,,,,,,,,,,,,,,
32,12006,284175.99,0.5645667273629753,0.14520378558893865,0.3880142302233644,0.31177467858898705,0.42429994829557427,0.5182279680364307,0.42842638608481715,-0.3380015048564203,-0.15668423917947683,-1.4064148343811707,1.3872108767207996,-1.6929740158074433,4.084228515625,4.322998046875,3.376708984375,0.658935546875,0.369384765625,1.0771484375,0.8746773082412769,0.9667910719691696,0.9973320406132833,0.000800349107607578,0.054525999891827596,0.001957413784324284,0.0012840986319780218,0.002430747228152526,0.00015993610156860895,0.9997320891934984,0.9998827294776244,0.9999473217403663,-0.5956341183724927,-0.5215822191144739,-0.7323101643845573,20.08486325405698,33.623672470749206,33.52272185336258,0.31177467858894814,0.42429994829556883,0.5182279680364564,503.3026855446404,1.6301660988142124,2.7647784011937766,0.0,0.0,0.0,0.999771383158681,0.9967463301818493,0.9998547751696842,921776703960717.2,391829489907446.3,860007975853892.1,-29.69311707528576,-26.95544724800793,-29.684383035327862,0.1791737836561703,0.379372860235125,0.32198587175441357,-4.085483208277234,-28.347471104553318,-11.92259197879414,25.0,2.8685500240325927,10.911150115278337,7.5375156209014404,-2.3834808094813815,0.43184245378618785,264,0.6323555555555556,7.585,11.467,0.4900393596949703,85.71947599338401,1.3204935049160418,0.051947241451552675,0.11634729539216176,45.0,0.624825212466133,0.8604879788549457,45,0.6756791605387146,0,,,,,,,,,0
33,12014,422833.19,0.2774750650068984,-0.03882772317099357,0.8828084298982156,0.2618946495216832,0.20130394255869513,0.3173024569769031,1.8277094093617225,2.583732651194634,-2.4027171860793484,2.6367087393381876,9.550719388788409,4.4514442492512725,4.74951171875,3.13623046875,4.67333984375,0.170654296875,0.1318359375,0.0380859375,0.9560070248979272,0.9999920536039283,0.4212494530053329,0.098527199343079,0.04598569946696947,0.10104034170070708,0.006096777786057901,0.004306024321316877,0.00020428859900993107,0.999924937765677,0.9998938656754011,0.9999237384796704,-0.39296963529077833,0.09286549879088657,-0.07529868437589404,5.875846726255978,13.023351464663888,10.0709488937713,0.26189464952166575,0.20130394255867462,0.31730245697922504,3.4766326871269277,1.4481849369425042,0.8301360528746972,0.0,0.0,0.0,0.9999254883465714,0.9974729005589499,1.000093300943821,894955418959131.9,239810135854727.66,5690948223563310.0,-27.305752880077343,-24.56226838586394,-27.94867886759067,0.30186808034200957,0.43329821552248926,0.17555083634764065,-8.612458725275435,-66.9141577705611,-3.203493581053202,19.0,3.4670789869208085,10.537280003922561,8.812768222346302,-2.4006047046103633,0.5496883197130784,27,0.06041944444444444,6.45,10.964,0.9300543750450643,85.08590627006764,1.2085613117908198,0.110867571657951,0.18057094549232486,3.0,0.42301330580134305,0.5741613026051723,4,0.49556778853689715,1,0.5210423837853243,0.6930897600817016,90.1324217544621,1.1826229508196722,0.5210423837853243,90.1324217544621,,,0
34,13004,204319.0,0.40310916028376964,0.04925597622658991,0.5799535986078869,0.3356095304039338,0.4740420186182858,0.4650249383399549,1.000351323641664,0.40621371571612036,-0.7465689798029623,-0.5657688382446056,-0.043209786056670474,-0.6998801709241818,11.46337890625,8.8701171875,7.784912109375,0.287353515625,0.2578125,0.80224609375,0.8601390472741155,0.9994344627763448,0.8654595509962363,0.0018159838292082478,0.022248836378408274,0.027872493502806885,0.0013504862494432726,0.003157562439127051,0.00033687518047758653,0.9997448884773932,0.999889115916995,0.9998763715221148,-0.8157205670747221,-0.5771829792633429,-0.6586847762395929,4.2542815467433694,6.131009395927057,6.408242454734629,0.33560953040550795,0.474042018618118,0.46502493833922875,14.323525442791611,0.7519961196335082,1.3377733272923609,0.0,6.48200511932373e-05,0.0,0.9997380242277615,0.9987681532398488,0.9998669718341442,411086272116085.56,311845779996903.44,827834618259122.4,-29.242229317080444,-27.73135156553056,-29.628406584801226,0.25976574416068016,0.38749869725644126,0.2798694163719588,-6.035498959591102,-36.34921813842306,-6.083322179136263,31.0,3.2374919383756575,11.029216262349948,8.662498776690011,-2.3921463118917647,0.5515030830266334,77,0.22971944444444445,6.58,17.01,1.5045862808074417,81.9017127863844,1.237834051217614,0.0913189862864384,0.15763862805447765,7.0,0.6742522165463873,0.9671782961055336,13,0.8833170994583692,6,0.783406682745908,1.0889090957362584,86.24291017160844,1.2427214635605188,0.919852603884248,97.01134958580778,0.17813428031127823,0.15380749057331014,1
35,13005,125410.0,0.2606260206561541,-0.05239569797003329,0.9119966475001059,0.24127791329825166,0.16803326195274887,0.2751893348322625,2.1258625553729043,-1.0069317091054717,-3.2139886225809833,6.323257507537528,7.1053630153558025,9.859343485095636,8.635009765625,11.7705078125,10.213134765625,0.074462890625,0.143798828125,0.0263671875,0.9361320468862132,0.9994596124710948,0.46515907822342717,0.08717909257634958,0.034875368790367595,0.08483215054620843,0.0022136990670600432,0.0017148552746989872,0.0005456502671238339,0.9995599340665977,0.9991821259868645,0.9995666837820476,-0.9910577970736987,0.7815383110223197,0.3109481888754799,2.818858223318699,2.1397351654594496,1.7862581052221702,0.24127791329813467,0.1680332619528693,0.2751893348321781,5.948084328196514,0.7019561198528729,3.49384305704714,0.0,0.0,0.0,0.9992752041134269,0.9960117043921419,0.999936099186623,58400141475628.69,13232687108904.25,447243599627698.3,-29.528513637844593,-24.80399159592596,-32.88365266276279,0.2838365717227476,0.41352773036456414,0.15639658256482475,-5.98710748019317,-39.13557384089393,-2.712398539264954,4,,,,,,6,0.028699999999999996,10.125,36.705,1.1798716945694236,73.41376392150296,1.241452380952381,0.0411820771455157,0.18584241637866464,2.0,0.4200705347581811,0.6884271765664467,3,0.4887226404457289,1,0.4927109255897126,0.7508117176767829,78.68860224941206,1.3612857142857144,0.4927109255897126,78.68860224941206,,,0
36,13008,289467.0,0.27233937725920343,-0.12809710661710252,0.2678842928136562,0.31984615332940686,0.13754799901359457,0.877820302318804,0.7674753016421246,-1.769738498400013,-0.506774910070252,0.7163647748877451,4.903128047493731,-1.5913156749328592,2.591552734375,2.48095703125,4.86767578125,0.33447265625,0.141357421875,1.95703125,0.9561392144873163,0.9999808959225058,0.6315436647355311,0.12312926862129361,0.04302790991719263,1.7273126124912338e-07,0.0006129196074163894,0.0037419464049442594,0.0003005178483212249,0.999940926551991,0.9996754343826322,0.9999901615012237,-0.4369757045339593,0.7887305007700101,0.8293825538744724,14.185283422661477,23.203402893273346,6.333889270977338,0.31984615332902866,0.13754799901388073,0.8778203023187944,0.9766095691069151,0.7978133946709849,0.7053500058253407,0.0,0.0,2.2351741790771484e-06,0.9998401644656195,0.9980502850202843,1.0000289226621262,373846717937479.56,75460533638503.53,1666318760087323.5,-30.06405551637949,-26.95493144143621,-30.939414208471362,0.23238169821883953,0.2642244255299798,0.20699320477751978,-4.865577900120648,-5.229668620320971,-4.49610377626913,19.0,3.1217368778429533,10.599465784294388,8.437264073734179,-2.369277612362294,0.5268849658845149,77,0.4809805555555555,9.57,60.19800000000002,1.519976494901245,83.1836488722332,1.2246163905320624,0.07758142725513686,0.1712833860925931,15.0,0.5936106456400464,0.8422119415369457,32,0.7897534387170136,17,0.6594853565245252,0.8985322245918822,87.72471548838482,1.220907762054128,0.8013303207826251,95.35904719552784,0.13198425354775276,0.08242317176631073,8
37,13014,422947.19,0.43812531540419125,-0.0701808821555572,0.6079954497784973,0.33602551584250456,0.31250012983594205,0.5146909903184131,0.9186865062626798,1.4877096720670686,-0.8459143125405957,-0.9331179034082675,2.9207111274695894,-1.0441857754641812,6.188720703125,3.1240234375,2.98828125,0.677490234375,0.23095703125,1.005126953125,0.9381249228774874,0.9995598504862983,0.8699614010912332,0.006901499924848773,0.060251115511607965,0.01763267418799969,0.00023113996808916027,0.006440307594903279,9.722253976909032e-05,0.9995933724685573,0.9996143312960932,0.999879377301574,-0.8710029638493788,0.16047502909404443,-0.9830746457185886,32.141112248391515,154.8922451006246,144.10909088735443,0.33602551584241797,0.31250012983343267,0.5146909903189764,317.7651310178317,5.123537216609845,1.0848754008097354,0.0,0.0,0.0,0.9987722022368952,0.9952381542285322,0.999514960638188,1901261699876676.8,585505199273303.1,3932129804248250.5,-25.887865673741803,-23.37668343371232,-26.647569879481868,0.2510863376085394,0.4139895410584418,0.28324621624379354,-6.089408083714546,-47.10728078063121,-6.891880601249329,136.0,2.9610827091862175,10.790128917662111,8.900927070860421,-2.4130858657441046,0.4512151911210876,483,7.581658333333333,16.92,154.19200000000004,1.6877308526009598,86.56099194124104,1.3509240312143997,0.0835388165469978,0.08459194601254341,114.0,0.5646124945529063,0.7894648564449279,301,0.7287741537830665,187,0.6563715704527571,0.8686027069300107,90.3001095153806,1.3276701027544684,0.7465989072605593,98.41594673787971,0.11594757998430157,0.053823860051630056,121
38,13016,311369.19,0.40049748601453733,0.04274217449067456,0.8374929231919189,0.23801722478668882,0.2071700785780742,0.30708676965652093,1.157115536964702,0.2146152629340983,-2.680747842935153,1.2938927305453483,2.647327102807706,6.170699751037949,6.261962890625,4.681640625,4.48388671875,0.214111328125,0.232666015625,0.09716796875,0.9462815508496522,0.9997525445597235,0.9224781681193313,0.09690242634475171,0.04816879923154889,0.08795655087133059,0.0034156879812032785,0.0036619551215070446,0.0019831120734842135,0.9998619442640305,0.9998573092750007,0.9999045036167066,1.096352830355816,2.884836302073513,-0.9969448078761185,4.395827059409556,9.023381206619906,13.868583520713798,0.23801722478651435,0.2071700785779052,0.30708676965688225,6.854578086768292,0.3299699095387883,1.5103994369798837,0.0,0.0,0.0,0.9999386452852901,0.9992038702039159,1.000014968178004,531265287544388.5,94359779378166.58,2002627160608569.2,-30.09965742921372,-27.355580547024463,-30.5819626063276,0.2005174310281164,0.4944974465066727,0.1600012185588596,-4.055321831785867,-93.8078081101562,-3.8176756403242345,12.0,3.6068542202313743,10.61293964131246,8.787579645431792,-2.4479207494810553,0.7883276140934964,7,0.009874999999999998,5.04,5.774000000000001,0.14567224957336983,70.55763634510579,1.1976190476190476,0.09209038975772212,0.12048480052263276,,,,0,,0,,,,,,,,,0
39,13017,291436.39,0.4378329642211976,0.047713363154477724,0.686115975806424,0.29994740817449184,0.33981672796884344,0.42795660200263586,0.6311909509253408,0.38856465637843013,-1.2672098182040323,-0.3245340359324511,1.3052819400653517,0.24329116148528795,5.435546875,3.520263671875,4.823974609375,0.245361328125,0.32275390625,0.639892578125,0.944038628806787,0.9999895689073008,0.949813130748703,0.003954756645180789,0.09972725094488029,0.057279188779410836,0.0029824003790329683,0.0037687126168423923,0.0002196705771712311,0.9999021816620911,0.9999326769117995,0.9999491260634764,0.25416689921141566,1.099896788864759,-0.9658331767415509,6.637909874636354,16.485763302788833,11.621737153566439,0.2999474081747258,0.3398167279698475,0.42795660200366825,3.2357346749548164,1.2760367823984917,1.30067159144004,0.0,2.2351741790771484e-06,0.0,0.9998293897244831,0.9991718832679589,0.9999587718807914,632244055338671.0,231206820648989.4,1478772712548716.0,-29.676230063444386,-27.592668245133503,-30.17652854939763,0.22891324068592994,0.4381758877778467,0.21944537897806654,-5.765174895004861,-103.63705065159957,-5.046196019162528,66.0,2.9622386152094062,10.900070087787048,8.817904867795137,-2.384831787033223,0.46967736174896535,123,0.3332722222222222,9.32,14.036,0.3794526313266587,85.27724646162052,1.2503589862846136,0.10838958509745783,0.14864133174098493,43.0,0.48663240083171794,0.6752239492287079,44,0.5658958508437535,1,0.5669876678094322,0.7222293944377668,94.48903830349755,1.2871739130434783,0.5669876678094322,94.48903830349755,,,0
40,13001,29801.0,0.2627218604274238,-0.09235346958391706,-0.005450345445753708,0.3069061485532795,0.806531009187865,0.4408972593919721,1.7951210782440008,0.1019432486562199,1.5999318302396675,1.538682406246096,-1.5915936445694534,0.9921487846943342,2.904541015625,3.241943359375,3.390380859375,0.10986328125,1.890869140625,0.18994140625,0.9482956947753431,0.7801593906244757,0.8813489480218785,0.14072279453709607,4.026710513070031e-06,0.13552397570551325,0.00011308345357538338,0.005856514882050938,0.00018355088755410892,0.9998947620363102,0.9999876488449757,0.9999459693262889,-0.6957300999546852,7.834476215033851,-0.9191517479625066,2.4474219086419753,2.3498129750515853,2.1097855872215328,0.3069061485530673,0.8065310091880166,0.44089725939197205,3.607923272256011,2.4820884230046296,6.51817917655036,0.0,0.00011920928955078125,0.0002503395080566406,0.9997312172079671,0.9998109638568354,0.9994650049188541,4386138701000.6533,16512079472391.908,4859983216263.138,-34.053586516061166,-35.69424563833218,-32.477204086556824,0.26183871861223884,0.3030666196570649,0.3936557332709548,-2.951914906649534,-5.620860702422167,-23.25328645719452,,,,,,,,,,,,,,,,,,,,,,,,,,,,,,
41,13003,132610.0,0.4445447097132805,0.08390554412595558,0.7084774064522201,0.22500631486850406,0.2487989971184359,0.47314273396382744,-0.4986640814902037,0.15015058596387232,-1.8611396585960425,3.0375941954990555,-0.3967033998332745,2.0465604533038695,8.47900390625,6.48193359375,7.546875,0.238037109375,0.35595703125,0.119873046875,0.9993818716537214,0.9999904230450193,0.9634397858381721,0.02208988764044944,0.0257342583515572,0.0678523489932886,0.003503883568358344,0.0034379760199080007,0.00012472664203302917,0.9996933057091469,0.9998260216512596,0.9998988778437516,0.2668100765511312,1.2350838292750517,-0.9653555417292181,1.9350281611583655,1.8749003335299175,4.753821342731417,0.22500631486847544,0.24879899711862746,0.4731427339642682,13.51980862433462,2.7356723368722076,2.828496189720039,0.0,1.043081283569336e-05,0.0,0.9998634059781816,0.9991788817194542,0.9999470245375142,127827219899925.12,31287568349126.59,367075371074854.8,-32.22387929331791,-29.239988411318986,-32.85292117783977,0.19108218950690006,0.36447586887393246,0.2211650125528332,-3.4871592639249522,-20.734676135936464,-4.255258660241094,19.0,2.2442236574072587,10.822767616472051,7.6031995898718385,-2.2943961702720252,0.3507653329166916,65,0.11821111111111111,5.52,10.642000000000001,0.36720429745366745,79.12948415648009,1.1719980385786053,0.174704001348887,0.22588807913096817,8.0,0.4834944814513674,0.758942520071558,8,0.6965933235513836,0,,,,,,,,,0
42,11001,422923.99,0.3789428746563615,-0.15102907829936682,0.9125561157150932,0.1669513834053032,0.10854648854321418,0.15211138809087793,0.9593824516339148,0.30736875252879153,-5.229479009118469,2.516981262077593,3.9423567649986087,32.229426861305264,2.65625,2.65087890625,2.462890625,0.123291015625,0.1591796875,0.06298828125,0.9936378165731389,0.9999960040100823,0.9192269513961598,0.038742801040915174,0.025790213508578692,0.024256155343658797,0.009254901808715084,0.005556577672503279,0.020841310042497233,0.9999063203990832,0.99976271375972,0.9997928807418207,0.3268814957973083,1.3601066210294137,-0.9317078653901845,8.842387691917102,11.274705002750958,25.627319244404646,0.16695138340594198,0.10854648854308353,0.1521113880906868,20.7269114617472,0.2569366219534792,0.6036307847528944,0.0,0.0,0.0,1.000105321796195,0.9999443210753445,1.000125686519572,1101725782026022.2,216721577945960.44,5603105314057217.0,-28.154570112767658,-27.237186095983184,-28.40462218532014,0.1787891106644954,0.2329404044548553,0.1341604108814073,-3.695929434324203,-5.004534659396076,-2.330014819824687,1,,,,,,,,,,,,,,,,,,,,,,,,,,,,,
43,13002,34975.0,0.24217236404909756,0.184635948040453,0.32927156283506076,0.2508942821839075,0.7588172130303305,0.41725765242273316,2.0190693578423935,-0.5208623866406111,0.5685301844417451,3.6748721056022244,-1.2255541530865839,-1.0440737956526092,2.64306640625,2.9892578125,2.6435546875,0.1796875,1.13818359375,0.712646484375,0.9484205861329521,0.812783416726233,0.8956620443173695,0.06561286633309507,8.577555396711937e-07,0.0042993566833452465,0.0038876340243030735,7.348105789849893e-05,0.0010804860614724804,0.9998793590212549,0.9999818359658549,0.9999561519912141,-0.7027951470834408,1.062093671744413,-0.5218837842904527,2.5124698619859953,4.096448588695432,2.518524841304646,0.25089428218391946,0.7588172130309733,0.4172576524228327,2.867188449144335,0.9150338960997575,0.7817252838469131,0.0,5.364418029785156e-05,0.0,0.999577563869072,0.999818633577415,0.99970711741415,3925672537904.672,18101131102535.41,8951568275877.414,-32.914767613378785,-35.92883001623928,-34.36491795413054,0.25336854362250644,0.31493251439786896,0.3064176754053445,-2.565583785467585,-5.752986973795589,-6.199602228883641,1,,,,,,30,0.06824444444444444,6.76,14.03,0.47312816573841093,84.39898102792682,1.3160780122655125,0.07783776183250513,0.1276198224338261,7.0,0.4807191538752133,0.7047071514436093,7,0.5163809621749609,0,,,,,,,,,0
44,11002,134463.0,0.2803138797287056,-0.029333331593920122,0.6970396721552525,0.2782810421283749,0.45982101575924866,0.4446139170162037,1.974888704740908,0.8815221139543143,-1.0348893585568955,2.786270907435343,0.1670974572068804,-0.6617251784594256,3.0146484375,3.099609375,2.949951171875,0.154541015625,0.288818359375,0.701171875,0.9023743334597621,0.9773442508348021,0.7490842834088188,0.11047210013163472,0.06307876516216357,0.03453098621925734,0.002478525691082305,0.0007123892818098659,0.00013200657429924962,0.9999232710338612,0.9999682572213932,0.999959358134614,-0.8452121300766586,-0.8816201448012182,-0.8907031760888673,3.492742934270328,7.356719240268157,7.967734391803871,0.27828104212833515,0.45982101575882967,0.4446139170148055,2.284605665052789,3.1754916507297795,1.4030498584765159,0.0,1.341104507446289e-05,0.0,0.9995973857572704,0.9991705890060504,0.9998959326011684,77488092459065.33,95851482905607.81,352320102011746.2,-30.55329720586346,-29.546978996864627,-32.31331713401815,0.3039735528151102,0.36501875102674375,0.21639070922072096,-8.581596166235466,-21.827448732471378,-3.780271701328826,3,,,,,,38,0.06765833333333333,5.965,8.658000000000003,0.3006835448813092,81.29176634778504,1.166383658008658,0.14974837846410133,0.20920104600680564,3.0,0.7591870125144706,0.9100258426422231,3,1.1260136544393151,0,,,,,,,,,0
45,11004,287546.0,0.428342228142614,-0.2572762842235324,0.6026351913534188,0.2952945133311136,0.35437957186370667,0.5217477743715023,0.4593020593665178,-1.0450437082720299,-0.893282746237022,-0.3758171377326529,0.7495898164242654,-0.9121024940288667,13.599853515625,8.90380859375,7.611572265625,0.279296875,0.30615234375,0.95703125,0.9946744173106216,0.8883258330840978,0.8832584351721116,0.0035264270760156638,0.1229371648362349,0.02402575587905935,0.001408470296926405,0.0027718695443511646,0.00017847579169941505,0.9998475499480554,0.9999135221306333,0.9999512409611138,0.383195756115152,0.06789140842690555,-0.9956272530905945,1.7494818321073005,2.371236022982639,3.9449128911192552,0.29529451333112244,0.35437957186422114,0.5217477743730574,17.202301712487493,3.8533029831520724,2.524727924281749,0.0,0.0,0.0,0.9996497254502982,0.9992195237358308,0.9997786862001437,598117173300889.6,397376280894393.3,1376198396092111.8,-28.967297411543548,-27.879900438897852,-29.327536464411107,0.22113788387576389,0.3279780759075924,0.27967472055980647,-4.812299829025068,-11.515535741591888,-7.7358590621306265,94.0,2.904127653608931,10.916797633939803,8.84794785416368,-2.3921767413002386,0.4185923578620182,123,0.3732611111111111,7.13,23.218,0.8250021401858217,74.47005532028192,1.3130673885709827,0.13080560902733548,0.20515453996774843,31.0,0.438733273226534,0.7171920878232222,38,0.49513609059543867,7,0.4599576787764187,0.7846905471033158,70.7362520018834,1.3073929014235137,0.4953628398808678,76.37728769711293,0.08731332110173222,0.04167925192134713,0
46,11068,422004.79,0.37654477414780946,0.006393982622674289,0.9262841276737567,0.1673029516540538,0.11971934859705977,0.17007844856201243,0.9220340927969611,0.005842756077102557,-5.1038559070797715,2.074575430052043,2.333665206028291,28.823033675555834,4.39697265625,3.075927734375,3.953125,0.232666015625,0.15966796875,0.095947265625,0.9994255278476816,0.9999980331976801,0.7509541064687915,0.031143911897303346,0.0628681726574715,0.03050837408741261,0.002357911624652412,0.006996413476728546,0.010477037476280779,0.9998818152305421,0.9997931048450127,0.9998604490156764,0.8605153009451607,1.7106289497529552,-0.9736902484264509,4.980661425832584,12.683124937842472,7.81659362648176,0.1673029516534884,0.11971934859738699,0.17007844856200133,4.925761545424314,0.07486400353964445,0.6405034943155742,0.0,3.3527612686157227e-06,0.0,1.000083332159644,0.9993908733777832,1.0001226816741462,1087842108048508.4,81412268797980.66,5787572640356849.0,-28.08126342883459,-25.820396798605532,-28.375172852664832,0.18268140302027125,0.38469178090869677,0.14199749232001574,-2.7184814244126727,-29.664757956106026,-2.616770627082175,4,,,,,,4,0.005847222222222222,5.095000000000001,6.078,0.16052508892199244,78.85113355092868,1.0106607142857142,0.15858579678278034,0.25558377276379124,,,,0,,0,,,,,,,,,0
47,12023,110340.0,0.47274744499777677,0.03551208363336477,0.7978466152117177,0.22991877862151047,0.20488728170410242,0.329903261686732,-0.001499173984597295,0.6088187341814106,-2.611961995111886,5.927448071734986,1.5043389793310817,5.997485007789393,9.255615234375,6.90771484375,14.328369140625,0.19287109375,0.3076171875,0.10498046875,0.9349748051477252,0.9999914808772884,0.9997288381366685,0.0899925684248686,0.038566068515497556,0.08721243429400036,0.0007395323545405112,0.0008322457857531267,0.004392242160594526,0.9995403108741923,0.9996629957308264,0.9997125029017288,-0.24240803613370732,0.9778011751064852,-0.9992590388425315,1.6361121842392472,1.9029761653741342,1.5638553935636477,0.2299187786222634,0.20488728170398657,0.32990326168725054,27.809218276217585,1.0274273953160349,2.2517085547619606,0.0,3.129243850708008e-05,0.0,0.9997757661582684,0.9972147746032082,0.9999350014497759,115903272901683.34,16074670944282.434,314704432650462.1,-31.41472672109819,-27.03172716311828,-32.61264347089423,0.1925256878659756,0.41132791068214086,0.19843834671569124,-2.644194180576999,-21.210174114784554,-3.335099044960534,9.0,3.417027817832099,10.850114266437625,8.849473412748214,-2.417545788755835,0.5520697734281675,93,0.22635833333333333,6.78,12.755999999999998,1.1863039818649854,87.83989755271082,1.1892711017728108,0.1232162052201294,0.1818724396138719,14.0,0.44849830702416915,0.6272453879961981,15,0.5995782317283083,1,0.6681335559835656,0.8227373017009202,97.33830772638815,1.227289156626506,0.6681335559835656,97.33830772638815,,,1
